product_name,stock,order_date,units_sold,sales_amount,,,,,,
Toilet Paper,48,01-08-2024,5,22.15,,,,,,
Avocados,46,22-08-2024,9,19.98,,,,,,
Pasta,28,01-08-2024,2,8.12,,,,,,
Canned Beans,174,01-08-2024,9,34.02,,,,,,
Toilet Paper,199,18-08-2024,7,28.63,,,,,,
Orange Juice,91,26-08-2024,1,11.62,,,,,,
Greek Yogurt,198,14-08-2024,6,29.34,,,,,,
Sourdough Bread,106,04-08-2024,2,12.64,,,,,,
Peanut Butter,108,20-08-2024,5,61.5,,,,,,
Laundry Detergent,137,18-08-2024,2,29.24,,,,,,
Granola Bars,40,18-08-2024,5,63.05,,,,,,
Frozen Pizza,112,19-08-2024,4,43.44,,,,,,
Whole Milk,189,08-08-2024,5,73.95,,,,,,
Baby Spinach,45,13-08-2024,5,36.75,,,,,,
Peanut Butter,61,12-08-2024,6,23.58,,,,,,
Salmon Fillet,199,30-08-2024,2,19.06,,,,,,
Greek Yogurt,156,24-08-2024,4,13.16,,,,,,
Granola Bars,89,30-08-2024,9,36.63,,,,,,
Oatmeal,34,08-08-2024,1,12.27,,,,,,
Granola Bars,88,03-08-2024,4,55.12,,,,,,
Orange Juice,100,07-08-2024,8,52.32,,,,,,
Toilet Paper,137,05-08-2024,5,14.75,,,,,,
Laundry Detergent,163,18-08-2024,5,57.3,,,,,,
Pasta,169,13-08-2024,6,24.42,,,,,,
Avocados,150,16-08-2024,2,23.16,,,,,,
Almond Butter,59,21-08-2024,3,36.27,,,,,,
Pasta,172,03-08-2024,7,44.38,,,,,,
Tomato Sauce,155,09-08-2024,9,117.45,,,,,,
Organic Bananas,194,24-08-2024,2,21.08,,,,,,
Bottled Water,88,25-08-2024,6,15.36,,,,,,
Pasta,60,15-08-2024,1,14.35,,,,,,
Laundry Detergent,87,17-08-2024,3,24.33,,,,,,
Almond Butter,180,10-08-2024,9,85.77,,,,,,
Avocados,115,25-08-2024,3,25.65,,,,,,
Shampoo,155,30-08-2024,1,9.39,,,,,,
Cheddar Cheese,24,04-08-2024,6,79.8,,,,,,
Chicken Breast,81,02-08-2024,4,53.16,,,,,,
Brown Eggs,41,24-08-2024,8,99.36,,,,,,
Shampoo,156,25-08-2024,3,8.4,,,,,,
Cheddar Cheese,160,06-08-2024,5,41.95,,,,,,
Frozen Pizza,128,07-08-2024,9,104.13,,,,,,
Dish Soap,71,23-08-2024,5,32.95,,,,,,
Paper Towels,186,12-08-2024,8,108.72,,,,,,
Tomato Sauce,50,08-08-2024,4,7.6,,,,,,
Organic Bananas,170,18-08-2024,4,36.96,,,,,,
Organic Bananas,38,23-08-2024,1,4.21,,,,,,
Whole Milk,104,03-08-2024,9,38.97,,,,,,
Paper Towels,144,07-08-2024,9,25.65,,,,,,
Orange Juice,167,16-08-2024,4,47.92,,,,,,
Pasta,68,04-08-2024,2,20.46,,,,,,
Peanut Butter,128,14-08-2024,8,104.72,,,,,,
Whole Milk,192,21-08-2024,2,3.7,,,,,,
Laundry Detergent,106,26-08-2024,2,8.96,,,,,,
Sourdough Bread,157,15-08-2024,3,20.73,,,,,,
Salmon Fillet,138,08-08-2024,2,14.4,,,,,,
Bottled Water,45,02-08-2024,9,114.3,,,,,,
Brown Eggs,80,06-08-2024,7,54.6,,,,,,
Sourdough Bread,122,29-08-2024,1,3.3,,,,,,
Organic Bananas,119,09-08-2024,8,39.92,,,,,,
Dish Soap,162,22-08-2024,8,25.36,,,,,,
Chicken Breast,75,02-08-2024,10,113,,,,,,
Whole Milk,100,02-08-2024,1,9.18,,,,,,
Canned Beans,155,06-08-2024,1,14.45,,,,,,
Brown Eggs,67,03-08-2024,10,19.5,,,,,,
Baby Spinach,123,04-08-2024,10,44.5,,,,,,
Frozen Pizza,30,20-08-2024,2,13.74,,,,,,
Orange Juice,164,17-08-2024,6,84.54,,,,,,
Sourdough Bread,191,23-08-2024,6,26.04,,,,,,
Granola Bars,53,22-08-2024,5,37,,,,,,
Shampoo,38,01-08-2024,8,77.6,,,,,,
Orange Juice,45,03-08-2024,9,35.82,,,,,,
Salmon Fillet,53,30-08-2024,6,79.98,,,,,,
Baby Spinach,114,10-08-2024,3,21.39,,,,,,
Bottled Water,200,10-08-2024,10,147.7,,,,,,
Toilet Paper,155,01-08-2024,9,46.71,,,,,,
Paper Towels,46,29-08-2024,3,14.1,,,,,,
Almond Butter,161,05-08-2024,5,24.7,,,,,,
Sourdough Bread,107,07-08-2024,5,40.4,,,,,,
Salmon Fillet,33,03-08-2024,7,88.27,,,,,,
Whole Milk,20,11-08-2024,3,29.76,,,,,,
Salmon Fillet,61,24-08-2024,8,69.76,,,,,,
Pasta,163,01-08-2024,2,4.1,,,,,,
Dish Soap,58,18-08-2024,1,12.68,,,,,,
Orange Juice,161,05-08-2024,7,19.46,,,,,,
Chicken Breast,113,29-08-2024,1,13.58,,,,,,
Sourdough Bread,194,08-08-2024,2,11.9,,,,,,
Bottled Water,124,20-08-2024,3,41.88,,,,,,
Baby Spinach,61,26-08-2024,3,40.02,,,,,,
Organic Bananas,65,24-08-2024,6,71.7,,,,,,
Pasta,191,28-08-2024,4,18.96,,,,,,
Dish Soap,47,13-08-2024,1,13.02,,,,,,
Baby Spinach,71,27-08-2024,8,47.2,,,,,,
Baby Spinach,77,01-08-2024,4,26.32,,,,,,
Salmon Fillet,37,25-08-2024,5,29.6,,,,,,
Canned Beans,122,22-08-2024,9,50.76,,,,,,
Organic Bananas,49,29-08-2024,5,17.5,,,,,,
Salmon Fillet,29,04-08-2024,10,70.8,,,,,,
Laundry Detergent,100,14-08-2024,10,147.8,,,,,,
Almond Butter,118,29-08-2024,10,36.6,,,,,,
Whole Milk,131,01-08-2024,9,125.64,,,,,,
Bottled Water,195,24-08-2024,4,24.4,,,,,,
Brown Eggs,190,30-08-2024,6,58.32,,,,,,
Paper Towels,51,24-08-2024,5,40.5,,,,,,
Paper Towels,124,11-08-2024,7,75.32,,,,,,
Bottled Water,52,07-08-2024,7,72.17,,,,,,
Granola Bars,193,24-08-2024,3,28.86,,,,,,
Chicken Breast,123,18-08-2024,1,5.25,,,,,,
Sourdough Bread,130,26-08-2024,10,94.9,,,,,,
Oatmeal,139,15-08-2024,8,83.68,,,,,,
Canned Beans,141,26-08-2024,3,30.66,,,,,,
Chicken Breast,151,22-08-2024,10,56.9,,,,,,
Shampoo,80,22-08-2024,5,20.7,,,,,,
Sourdough Bread,57,01-08-2024,1,4.43,,,,,,
Cheddar Cheese,176,28-08-2024,2,14.76,,,,,,
Toilet Paper,167,07-08-2024,7,55.44,,,,,,
Baby Spinach,57,21-08-2024,1,13.5,,,,,,
Shampoo,47,25-08-2024,7,28.42,,,,,,
Dish Soap,152,15-08-2024,1,8.8,,,,,,
Almond Butter,136,05-08-2024,8,82.8,,,,,,
Bottled Water,172,11-08-2024,8,76.64,,,,,,
Laundry Detergent,149,14-08-2024,9,65.16,,,,,,
Greek Yogurt,141,15-08-2024,5,57.6,,,,,,
Toilet Paper,90,25-08-2024,9,70.02,,,,,,
Baby Spinach,90,15-08-2024,2,21.98,,,,,,
Baby Spinach,89,11-08-2024,6,81,,,,,,
Brown Eggs,55,05-08-2024,4,25.44,,,,,,
Avocados,200,07-08-2024,2,13.62,,,,,,
Oatmeal,158,15-08-2024,7,13.09,,,,,,
Pasta,119,29-08-2024,10,142.4,,,,,,
Organic Bananas,167,13-08-2024,8,8.64,,,,,,
Peanut Butter,96,25-08-2024,7,90.65,,,,,,
Pasta,157,24-08-2024,9,109.8,,,,,,
Baby Spinach,144,08-08-2024,5,35.5,,,,,,
Organic Bananas,119,11-08-2024,7,77.98,,,,,,
Tomato Sauce,52,20-08-2024,9,12.42,,,,,,
Granola Bars,171,19-08-2024,1,2.18,,,,,,
Pasta,54,28-08-2024,8,28.32,,,,,,
Salmon Fillet,117,11-08-2024,4,29.48,,,,,,
Oatmeal,117,09-08-2024,7,31.71,,,,,,
Brown Eggs,140,01-08-2024,9,15.57,,,,,,
Peanut Butter,77,21-08-2024,2,23.88,,,,,,
Toilet Paper,30,25-08-2024,1,14.29,,,,,,
Sourdough Bread,25,20-08-2024,3,13.02,,,,,,
Cheddar Cheese,191,04-08-2024,10,142.7,,,,,,
Tomato Sauce,199,09-08-2024,6,20.1,,,,,,
Frozen Pizza,49,25-08-2024,3,43.53,,,,,,
Almond Butter,168,01-08-2024,5,45.3,,,,,,
Granola Bars,121,23-08-2024,4,8.24,,,,,,
Dish Soap,180,08-08-2024,2,21.52,,,,,,
Chicken Breast,195,20-08-2024,2,24.3,,,,,,
Orange Juice,30,12-08-2024,9,63,,,,,,
Peanut Butter,37,17-08-2024,6,7.08,,,,,,
Pasta,145,04-08-2024,7,101.15,,,,,,
Toilet Paper,137,23-08-2024,3,21.3,,,,,,
Laundry Detergent,153,21-08-2024,5,48.1,,,,,,
Bottled Water,143,15-08-2024,7,87.92,,,,,,
Orange Juice,88,11-08-2024,4,50.52,,,,,,
Brown Eggs,91,29-08-2024,8,35.28,,,,,,
Tomato Sauce,165,20-08-2024,7,39.97,,,,,,
Cheddar Cheese,103,06-08-2024,8,31.76,,,,,,
Salmon Fillet,107,09-08-2024,10,108.2,,,,,,
Salmon Fillet,162,01-08-2024,9,128.43,,,,,,
Brown Eggs,81,24-08-2024,7,54.88,,,,,,
Shampoo,81,23-08-2024,8,80.32,,,,,,
Cheddar Cheese,134,26-08-2024,1,2.3,,,,,,
Baby Spinach,123,23-08-2024,4,21.16,,,,,,
Orange Juice,114,16-08-2024,9,75.87,,,,,,
Pasta,160,11-08-2024,6,65.04,,,,,,
Salmon Fillet,98,09-08-2024,4,10.76,,,,,,
Sourdough Bread,100,04-08-2024,9,128.79,,,,,,
Dish Soap,67,07-08-2024,4,45.36,,,,,,
Salmon Fillet,170,25-08-2024,9,84.24,,,,,,
Almond Butter,69,10-08-2024,4,24.2,,,,,,
Chicken Breast,23,23-08-2024,9,24.93,,,,,,
Whole Milk,33,18-08-2024,5,53.8,,,,,,
Avocados,183,28-08-2024,8,19.52,,,,,,
Organic Bananas,166,10-08-2024,8,61.6,,,,,,
Oatmeal,67,02-08-2024,5,70.85,,,,,,
Cheddar Cheese,49,27-08-2024,2,13.22,,,,,,
Brown Eggs,167,21-08-2024,1,3.12,,,,,,
Orange Juice,97,03-08-2024,4,10.64,,,,,,
Shampoo,126,20-08-2024,10,120.7,,,,,,
Baby Spinach,153,13-08-2024,8,109.76,,,,,,
Chicken Breast,170,14-08-2024,5,44.8,,,,,,
Whole Milk,176,24-08-2024,2,28.54,,,,,,
Sourdough Bread,180,07-08-2024,5,51.25,,,,,,
Greek Yogurt,81,06-08-2024,9,18.45,,,,,,
Organic Bananas,124,15-08-2024,10,75.8,,,,,,
Whole Milk,79,10-08-2024,5,54.2,,,,,,
Tomato Sauce,38,22-08-2024,4,55.72,,,,,,
Toilet Paper,170,22-08-2024,4,27.8,,,,,,
Bottled Water,77,21-08-2024,3,41.16,,,,,,
Avocados,38,02-08-2024,3,36.3,,,,,,
Frozen Pizza,165,30-08-2024,5,35.75,,,,,,
Tomato Sauce,196,10-08-2024,7,99.4,,,,,,
Canned Beans,158,16-08-2024,8,17.04,,,,,,
Whole Milk,130,24-08-2024,6,56.7,,,,,,
Organic Bananas,43,08-08-2024,10,92.2,,,,,,
Organic Bananas,192,27-08-2024,5,45.35,,,,,,
Shampoo,64,16-08-2024,9,91.08,,,,,,
Salmon Fillet,66,19-08-2024,7,69.23,,,,,,
Cheddar Cheese,43,16-08-2024,6,40.32,,,,,,
Oatmeal,191,04-08-2024,3,16.86,,,,,,
Dish Soap,146,10-08-2024,7,86.73,,,,,,
Bottled Water,29,15-08-2024,2,10.8,,,,,,
Oatmeal,49,25-08-2024,7,91.77,,,,,,
Organic Bananas,188,28-08-2024,9,67.23,,,,,,
Whole Milk,68,17-08-2024,6,58.32,,,,,,
Cheddar Cheese,180,15-08-2024,1,3.85,,,,,,
Bottled Water,53,30-08-2024,5,35.65,,,,,,
Dish Soap,144,04-08-2024,1,14.62,,,,,,
Frozen Pizza,81,23-08-2024,3,16.05,,,,,,
Organic Bananas,161,14-08-2024,2,8.3,,,,,,
Almond Butter,138,04-08-2024,3,23.94,,,,,,
Dish Soap,94,17-08-2024,5,34.1,,,,,,
Cheddar Cheese,140,08-08-2024,8,69.76,,,,,,
Granola Bars,68,30-08-2024,10,81.2,,,,,,
Avocados,37,09-08-2024,7,40.32,,,,,,
Canned Beans,88,27-08-2024,1,4.96,,,,,,
Chicken Breast,170,19-08-2024,8,104.88,,,,,,
Tomato Sauce,157,16-08-2024,6,33.9,,,,,,
Shampoo,159,13-08-2024,8,112.48,,,,,,
Sourdough Bread,198,08-08-2024,10,63.6,,,,,,
Shampoo,125,02-08-2024,6,68.58,,,,,,
Dish Soap,117,13-08-2024,3,23.79,,,,,,
Whole Milk,52,17-08-2024,10,56.5,,,,,,
Almond Butter,132,04-08-2024,9,123.75,,,,,,
Organic Bananas,56,14-08-2024,3,6.15,,,,,,
Salmon Fillet,106,20-08-2024,7,70.7,,,,,,
Oatmeal,192,28-08-2024,9,56.88,,,,,,
Oatmeal,180,23-08-2024,8,105.68,,,,,,
Whole Milk,178,03-08-2024,4,39.36,,,,,,
Chicken Breast,78,24-08-2024,2,14.16,,,,,,
Almond Butter,182,23-08-2024,2,14.42,,,,,,
Dish Soap,96,29-08-2024,1,1.64,,,,,,
Whole Milk,95,12-08-2024,6,42.18,,,,,,
Baby Spinach,155,14-08-2024,10,105.5,,,,,,
Greek Yogurt,63,06-08-2024,2,19.06,,,,,,
Granola Bars,178,22-08-2024,4,31.88,,,,,,
Orange Juice,56,08-08-2024,8,79.44,,,,,,
Tomato Sauce,85,22-08-2024,1,13.58,,,,,,
Tomato Sauce,93,22-08-2024,9,28.89,,,,,,
Tomato Sauce,108,19-08-2024,5,49.75,,,,,,
Pasta,196,09-08-2024,8,102.64,,,,,,
Sourdough Bread,118,28-08-2024,8,19.92,,,,,,
Granola Bars,166,12-08-2024,10,51.4,,,,,,
Dish Soap,95,01-08-2024,7,33.88,,,,,,
Orange Juice,195,25-08-2024,1,13.75,,,,,,
Laundry Detergent,147,27-08-2024,5,59.3,,,,,,
Baby Spinach,175,26-08-2024,6,24.42,,,,,,
Sourdough Bread,178,09-08-2024,3,29.4,,,,,,
Toilet Paper,185,02-08-2024,5,60.2,,,,,,
Whole Milk,168,12-08-2024,3,6.78,,,,,,
Chicken Breast,103,24-08-2024,7,24.22,,,,,,
Avocados,158,29-08-2024,6,50.58,,,,,,
Salmon Fillet,62,09-08-2024,8,116.32,,,,,,
Chicken Breast,106,26-08-2024,2,15.12,,,,,,
Brown Eggs,56,25-08-2024,4,52.16,,,,,,
Laundry Detergent,192,13-08-2024,9,55.08,,,,,,
Granola Bars,23,09-08-2024,9,24.57,,,,,,
Peanut Butter,192,24-08-2024,5,45.9,,,,,,
Toilet Paper,115,04-08-2024,4,30.4,,,,,,
Frozen Pizza,163,11-08-2024,10,41,,,,,,
Brown Eggs,182,27-08-2024,8,109.84,,,,,,
Chicken Breast,186,14-08-2024,2,5.92,,,,,,
Whole Milk,97,16-08-2024,2,4.72,,,,,,
Bottled Water,54,13-08-2024,8,49.52,,,,,,
Laundry Detergent,198,18-08-2024,7,64.54,,,,,,
Laundry Detergent,59,29-08-2024,7,71.19,,,,,,
Cheddar Cheese,177,14-08-2024,5,7.3,,,,,,
Peanut Butter,75,15-08-2024,8,114.48,,,,,,
Peanut Butter,45,22-08-2024,6,51.72,,,,,,
Toilet Paper,111,02-08-2024,7,34.02,,,,,,
Almond Butter,136,03-08-2024,4,39.92,,,,,,
Frozen Pizza,25,02-08-2024,6,26.46,,,,,,
Avocados,164,07-08-2024,2,25.24,,,,,,
Bottled Water,73,19-08-2024,4,49.52,,,,,,
Baby Spinach,104,25-08-2024,3,36.12,,,,,,
Frozen Pizza,20,09-08-2024,3,44.49,,,,,,
Bottled Water,84,26-08-2024,3,7.62,,,,,,
Organic Bananas,53,01-08-2024,6,72.36,,,,,,
Baby Spinach,170,11-08-2024,1,3.44,,,,,,
Whole Milk,52,24-08-2024,7,58.59,,,,,,
Laundry Detergent,36,16-08-2024,8,95.12,,,,,,
Canned Beans,171,04-08-2024,8,64.4,,,,,,
Frozen Pizza,31,24-08-2024,9,46.98,,,,,,
Toilet Paper,27,02-08-2024,8,102.88,,,,,,
Pasta,195,04-08-2024,8,87.76,,,,,,
Tomato Sauce,38,29-08-2024,2,11.02,,,,,,
Avocados,36,05-08-2024,5,48.7,,,,,,
Orange Juice,160,23-08-2024,6,37.98,,,,,,
Frozen Pizza,155,10-08-2024,8,64.64,,,,,,
Pasta,45,26-08-2024,2,25.88,,,,,,
Toilet Paper,161,24-08-2024,4,28.08,,,,,,
Baby Spinach,125,11-08-2024,8,52.64,,,,,,
Laundry Detergent,44,11-08-2024,7,37.66,,,,,,
Salmon Fillet,115,05-08-2024,8,15.52,,,,,,
Brown Eggs,43,14-08-2024,2,22.84,,,,,,
Peanut Butter,53,18-08-2024,1,9.21,,,,,,
Bottled Water,163,11-08-2024,2,13.5,,,,,,
Paper Towels,128,28-08-2024,1,14.56,,,,,,
Frozen Pizza,99,12-08-2024,2,18.18,,,,,,
Sourdough Bread,59,22-08-2024,8,33.12,,,,,,
Almond Butter,109,28-08-2024,9,55.35,,,,,,
Shampoo,91,19-08-2024,4,49.2,,,,,,
Bottled Water,179,20-08-2024,9,12.33,,,,,,
Paper Towels,197,09-08-2024,1,3.53,,,,,,
Dish Soap,99,30-08-2024,6,35.46,,,,,,
Greek Yogurt,56,19-08-2024,7,13.79,,,,,,
Laundry Detergent,182,01-08-2024,2,22.9,,,,,,
Sourdough Bread,116,14-08-2024,8,46.16,,,,,,
Peanut Butter,99,24-08-2024,6,71.28,,,,,,
Orange Juice,172,03-08-2024,1,3.18,,,,,,
Shampoo,178,02-08-2024,2,9.62,,,,,,
Paper Towels,128,16-08-2024,10,71.9,,,,,,
Salmon Fillet,75,25-08-2024,9,23.31,,,,,,
Pasta,48,10-08-2024,10,78.1,,,,,,
Paper Towels,98,02-08-2024,4,26.12,,,,,,
Frozen Pizza,34,01-08-2024,4,20.88,,,,,,
Sourdough Bread,55,25-08-2024,5,25.25,,,,,,
Almond Butter,21,16-08-2024,7,24.22,,,,,,
Granola Bars,156,23-08-2024,4,32,,,,,,
Paper Towels,110,03-08-2024,7,91.42,,,,,,
Whole Milk,131,01-08-2024,8,111.2,,,,,,
Oatmeal,167,14-08-2024,10,66.6,,,,,,
Toilet Paper,126,10-08-2024,2,13.34,,,,,,
Oatmeal,63,26-08-2024,10,74.4,,,,,,
Dish Soap,112,03-08-2024,7,89.74,,,,,,
Baby Spinach,131,19-08-2024,7,58.38,,,,,,
Granola Bars,99,24-08-2024,6,24.6,,,,,,
Shampoo,63,03-08-2024,9,88.83,,,,,,
Canned Beans,150,07-08-2024,6,35.52,,,,,,
Toilet Paper,57,08-08-2024,2,6.1,,,,,,
Sourdough Bread,64,20-08-2024,3,34.92,,,,,,
Toilet Paper,39,06-08-2024,8,60,,,,,,
Orange Juice,168,15-08-2024,10,100,,,,,,
Frozen Pizza,102,28-08-2024,6,18.66,,,,,,
Brown Eggs,140,15-08-2024,5,60.75,,,,,,
Orange Juice,34,12-08-2024,9,18.36,,,,,,
Tomato Sauce,135,02-08-2024,1,6.16,,,,,,
Chicken Breast,39,21-08-2024,2,19.22,,,,,,
Canned Beans,118,15-08-2024,10,87.6,,,,,,
Laundry Detergent,30,15-08-2024,10,101.3,,,,,,
Oatmeal,174,16-08-2024,9,27.99,,,,,,
Whole Milk,135,04-08-2024,6,88.5,,,,,,
Brown Eggs,149,21-08-2024,3,4.65,,,,,,
Dish Soap,132,15-08-2024,9,74.88,,,,,,
Greek Yogurt,113,12-08-2024,5,32.1,,,,,,
Shampoo,106,22-08-2024,10,17.3,,,,,,
Toilet Paper,185,11-08-2024,2,11.24,,,,,,
Bottled Water,193,13-08-2024,5,22.65,,,,,,
Paper Towels,174,28-08-2024,3,17.01,,,,,,
Orange Juice,189,05-08-2024,6,32.04,,,,,,
Toilet Paper,198,22-08-2024,7,19.67,,,,,,
Dish Soap,41,10-08-2024,9,56.43,,,,,,
Oatmeal,52,22-08-2024,9,20.79,,,,,,
Paper Towels,128,17-08-2024,6,7.56,,,,,,
Chicken Breast,66,07-08-2024,6,85.62,,,,,,
Cheddar Cheese,69,08-08-2024,3,9.51,,,,,,
Chicken Breast,45,17-08-2024,9,114.21,,,,,,
Canned Beans,29,22-08-2024,6,79.62,,,,,,
Frozen Pizza,53,20-08-2024,7,22.12,,,,,,
Greek Yogurt,197,25-08-2024,10,123.3,,,,,,
Greek Yogurt,132,02-08-2024,7,42.7,,,,,,
Laundry Detergent,80,15-08-2024,10,49.9,,,,,,
Laundry Detergent,134,08-08-2024,9,39.15,,,,,,
Cheddar Cheese,69,12-08-2024,10,147.8,,,,,,
Tomato Sauce,92,25-08-2024,7,56.28,,,,,,
Pasta,61,27-08-2024,4,48.88,,,,,,
Avocados,84,02-08-2024,8,105.92,,,,,,
Bottled Water,46,23-08-2024,9,116.28,,,,,,
Chicken Breast,41,25-08-2024,3,14.46,,,,,,
Canned Beans,57,27-08-2024,7,15.96,,,,,,
Baby Spinach,135,29-08-2024,6,84.18,,,,,,
Pasta,33,13-08-2024,9,56.16,,,,,,
Granola Bars,40,12-08-2024,4,5.56,,,,,,
Almond Butter,186,11-08-2024,3,8.79,,,,,,
Chicken Breast,140,23-08-2024,3,34.86,,,,,,
Cheddar Cheese,134,20-08-2024,1,13.68,,,,,,
Organic Bananas,85,07-08-2024,3,26.04,,,,,,
Laundry Detergent,175,17-08-2024,7,17.92,,,,,,
Chicken Breast,80,10-08-2024,2,3.34,,,,,,
Pasta,183,26-08-2024,10,74,,,,,,
Almond Butter,147,20-08-2024,9,11.07,,,,,,
Canned Beans,167,08-08-2024,3,15.24,,,,,,
Organic Bananas,177,12-08-2024,4,35.96,,,,,,
Greek Yogurt,190,22-08-2024,2,16.66,,,,,,
Peanut Butter,37,17-08-2024,9,72.9,,,,,,
Canned Beans,161,01-08-2024,7,92.61,,,,,,
Whole Milk,182,13-08-2024,6,27.3,,,,,,
Organic Bananas,111,26-08-2024,2,11.66,,,,,,
Laundry Detergent,188,21-08-2024,2,23.6,,,,,,
Laundry Detergent,105,05-08-2024,1,5.93,,,,,,
Oatmeal,184,06-08-2024,8,117.84,,,,,,
Cheddar Cheese,181,06-08-2024,3,5.64,,,,,,
Shampoo,137,02-08-2024,5,19.1,,,,,,
Sourdough Bread,30,11-08-2024,5,41.1,,,,,,
Bottled Water,141,09-08-2024,1,11.55,,,,,,
Sourdough Bread,93,12-08-2024,1,13.12,,,,,,
Oatmeal,89,04-08-2024,6,42.72,,,,,,
Granola Bars,132,29-08-2024,7,40.25,,,,,,
Greek Yogurt,147,23-08-2024,8,49.12,,,,,,
Canned Beans,88,26-08-2024,2,22.36,,,,,,
Brown Eggs,130,20-08-2024,3,25.92,,,,,,
Oatmeal,46,03-08-2024,6,61.5,,,,,,
Chicken Breast,134,20-08-2024,7,23.31,,,,,,
Tomato Sauce,109,15-08-2024,1,11.18,,,,,,
Peanut Butter,177,14-08-2024,5,49.75,,,,,,
Whole Milk,39,22-08-2024,7,42.63,,,,,,
Laundry Detergent,193,06-08-2024,1,3,,,,,,
Frozen Pizza,193,26-08-2024,8,11.92,,,,,,
Brown Eggs,80,25-08-2024,6,36.42,,,,,,
Orange Juice,28,20-08-2024,3,31.53,,,,,,
Peanut Butter,115,15-08-2024,2,18.06,,,,,,
Canned Beans,113,13-08-2024,6,60.54,,,,,,
Baby Spinach,49,01-08-2024,3,23.97,,,,,,
Granola Bars,163,04-08-2024,5,59.25,,,,,,
Dish Soap,134,07-08-2024,10,50,,,,,,
Cheddar Cheese,71,04-08-2024,3,38.82,,,,,,
Tomato Sauce,64,29-08-2024,8,119.68,,,,,,
Paper Towels,101,22-08-2024,6,65.58,,,,,,
Bottled Water,158,10-08-2024,5,64.6,,,,,,
Dish Soap,199,21-08-2024,3,36.33,,,,,,
Canned Beans,77,04-08-2024,4,48.36,,,,,,
Baby Spinach,146,01-08-2024,6,52.56,,,,,,
Peanut Butter,139,26-08-2024,9,25.38,,,,,,
Brown Eggs,36,10-08-2024,7,104.93,,,,,,
Laundry Detergent,142,17-08-2024,7,82.39,,,,,,
Orange Juice,38,05-08-2024,6,59.94,,,,,,
Tomato Sauce,139,22-08-2024,9,52.38,,,,,,
Shampoo,161,21-08-2024,10,35.5,,,,,,
Avocados,130,17-08-2024,1,12.64,,,,,,
Canned Beans,59,10-08-2024,3,9.81,,,,,,
Dish Soap,77,12-08-2024,9,121.77,,,,,,
Brown Eggs,84,07-08-2024,9,43.56,,,,,,
Toilet Paper,97,20-08-2024,9,20.79,,,,,,
Toilet Paper,63,19-08-2024,10,31.6,,,,,,
Paper Towels,179,24-08-2024,10,57.3,,,,,,
Orange Juice,30,27-08-2024,1,2.14,,,,,,
Toilet Paper,167,09-08-2024,4,46.96,,,,,,
Pasta,178,21-08-2024,1,7.97,,,,,,
Toilet Paper,159,10-08-2024,5,38.8,,,,,,
Paper Towels,123,10-08-2024,8,16.16,,,,,,
Whole Milk,60,15-08-2024,7,54.46,,,,,,
Sourdough Bread,107,20-08-2024,3,16.14,,,,,,
Dish Soap,101,24-08-2024,6,87.96,,,,,,
Avocados,114,17-08-2024,9,22.41,,,,,,
Baby Spinach,139,04-08-2024,5,36.45,,,,,,
Avocados,44,02-08-2024,5,71.2,,,,,,
Frozen Pizza,127,08-08-2024,3,37.17,,,,,,
Orange Juice,100,07-08-2024,3,23.94,,,,,,
Canned Beans,139,16-08-2024,5,39.8,,,,,,
Brown Eggs,120,17-08-2024,8,116.24,,,,,,
Sourdough Bread,169,12-08-2024,1,1.71,,,,,,
Cheddar Cheese,172,29-08-2024,8,40,,,,,,
Organic Bananas,47,14-08-2024,3,40.05,,,,,,
Laundry Detergent,113,25-08-2024,7,42.84,,,,,,
Granola Bars,33,19-08-2024,9,33.57,,,,,,
Bottled Water,93,03-08-2024,7,56.42,,,,,,
Shampoo,160,09-08-2024,10,105.3,,,,,,
Almond Butter,52,04-08-2024,7,43.54,,,,,,
Oatmeal,162,12-08-2024,3,11.37,,,,,,
Canned Beans,122,17-08-2024,1,1.63,,,,,,
Avocados,105,26-08-2024,8,66.16,,,,,,
Avocados,175,29-08-2024,9,26.64,,,,,,
Frozen Pizza,101,06-08-2024,7,104.09,,,,,,
Laundry Detergent,96,19-08-2024,6,48.6,,,,,,
Canned Beans,156,16-08-2024,10,52,,,,,,
Organic Bananas,114,11-08-2024,2,29.44,,,,,,
Orange Juice,98,26-08-2024,1,9.36,,,,,,
Salmon Fillet,187,26-08-2024,10,90.9,,,,,,
Laundry Detergent,33,19-08-2024,8,27.12,,,,,,
Toilet Paper,178,25-08-2024,7,21.49,,,,,,
Paper Towels,82,02-08-2024,10,142.7,,,,,,
Almond Butter,68,01-08-2024,8,43.12,,,,,,
Avocados,125,23-08-2024,4,27,,,,,,
Shampoo,176,30-08-2024,8,105.76,,,,,,
Laundry Detergent,35,23-08-2024,3,24.78,,,,,,
Bottled Water,103,22-08-2024,8,66.88,,,,,,
Oatmeal,64,15-08-2024,9,52.11,,,,,,
Peanut Butter,193,25-08-2024,5,47.7,,,,,,
Sourdough Bread,83,09-08-2024,9,46.62,,,,,,
Chicken Breast,93,23-08-2024,4,42.64,,,,,,
Cheddar Cheese,101,16-08-2024,6,53.1,,,,,,
Laundry Detergent,90,10-08-2024,2,18.06,,,,,,
Bottled Water,117,29-08-2024,7,87.22,,,,,,
Shampoo,57,10-08-2024,1,5.03,,,,,,
Dish Soap,40,12-08-2024,8,81.44,,,,,,
Laundry Detergent,142,07-08-2024,4,50.36,,,,,,
Salmon Fillet,163,23-08-2024,5,14.6,,,,,,
Frozen Pizza,170,08-08-2024,4,6.84,,,,,,
Canned Beans,77,21-08-2024,4,6.92,,,,,,
Pasta,104,23-08-2024,8,19.28,,,,,,
Shampoo,55,01-08-2024,9,132.21,,,,,,
Greek Yogurt,124,21-08-2024,8,61.44,,,,,,
Sourdough Bread,93,11-08-2024,5,50.2,,,,,,
Shampoo,42,21-08-2024,10,42.5,,,,,,
Laundry Detergent,29,30-08-2024,3,20.55,,,,,,
Greek Yogurt,29,27-08-2024,7,84.21,,,,,,
Greek Yogurt,94,29-08-2024,1,1.13,,,,,,
Orange Juice,174,04-08-2024,6,29.88,,,,,,
Toilet Paper,159,17-08-2024,8,107.6,,,,,,
Avocados,149,15-08-2024,5,18.5,,,,,,
Almond Butter,104,06-08-2024,8,80.64,,,,,,
Dish Soap,67,01-08-2024,6,72.42,,,,,,
Orange Juice,192,25-08-2024,4,13.84,,,,,,
Toilet Paper,123,27-08-2024,7,57.47,,,,,,
Brown Eggs,122,22-08-2024,2,7.18,,,,,,
Avocados,142,11-08-2024,4,4.4,,,,,,
Granola Bars,80,15-08-2024,5,71.8,,,,,,
Chicken Breast,169,24-08-2024,10,11.6,,,,,,
Toilet Paper,112,23-08-2024,4,7.48,,,,,,
Almond Butter,139,10-08-2024,3,20.04,,,,,,
Canned Beans,200,25-08-2024,5,53.3,,,,,,
Toilet Paper,95,12-08-2024,10,40.9,,,,,,
Avocados,142,05-08-2024,8,91.76,,,,,,
Frozen Pizza,115,14-08-2024,9,124.02,,,,,,
Shampoo,157,26-08-2024,4,46.68,,,,,,
Paper Towels,172,28-08-2024,2,16.72,,,,,,
Canned Beans,200,12-08-2024,2,27.68,,,,,,
Almond Butter,35,27-08-2024,9,122.76,,,,,,
Sourdough Bread,166,18-08-2024,3,9.9,,,,,,
Canned Beans,133,04-08-2024,4,44.16,,,,,,
Cheddar Cheese,43,29-08-2024,9,65.16,,,,,,
Whole Milk,136,05-08-2024,9,61.38,,,,,,
Orange Juice,34,18-08-2024,8,83.36,,,,,,
Chicken Breast,25,13-08-2024,5,62.15,,,,,,
Laundry Detergent,75,19-08-2024,2,3.26,,,,,,
Peanut Butter,199,03-08-2024,9,134.28,,,,,,
Brown Eggs,140,02-08-2024,5,33.6,,,,,,
Shampoo,54,25-08-2024,7,43.68,,,,,,
Granola Bars,134,28-08-2024,7,43.82,,,,,,
Paper Towels,189,28-08-2024,9,25.74,,,,,,
Peanut Butter,50,06-08-2024,9,58.5,,,,,,
Avocados,77,27-08-2024,1,11.59,,,,,,
Chicken Breast,138,22-08-2024,9,62.46,,,,,,
Granola Bars,78,08-08-2024,8,46.8,,,,,,
Salmon Fillet,68,30-08-2024,2,2.9,,,,,,
Paper Towels,127,20-08-2024,1,4.37,,,,,,
Brown Eggs,45,20-08-2024,1,7.25,,,,,,
Paper Towels,200,28-08-2024,1,4.43,,,,,,
Whole Milk,122,15-08-2024,4,34.24,,,,,,
Shampoo,34,05-08-2024,9,134.19,,,,,,
Baby Spinach,167,11-08-2024,10,93.7,,,,,,
Paper Towels,102,08-08-2024,5,66.35,,,,,,
Paper Towels,153,08-08-2024,7,36.47,,,,,,
Whole Milk,162,19-08-2024,3,29.28,,,,,,
Pasta,162,16-08-2024,1,14.61,,,,,,
Toilet Paper,191,13-08-2024,9,49.14,,,,,,
Pasta,124,05-08-2024,5,31.35,,,,,,
Shampoo,157,16-08-2024,4,51.56,,,,,,
Chicken Breast,56,26-08-2024,8,110.48,,,,,,
Bottled Water,125,14-08-2024,9,75.78,,,,,,
Granola Bars,82,09-08-2024,4,22.48,,,,,,
Brown Eggs,135,28-08-2024,6,13.74,,,,,,
Laundry Detergent,68,02-08-2024,5,31.4,,,,,,
Frozen Pizza,174,02-08-2024,2,7.26,,,,,,
Shampoo,170,24-08-2024,9,36.36,,,,,,
Sourdough Bread,105,10-08-2024,1,3.97,,,,,,
Sourdough Bread,50,24-08-2024,8,110.4,,,,,,
Dish Soap,174,23-08-2024,4,26.2,,,,,,
Baby Spinach,161,11-08-2024,5,31.65,,,,,,
Bottled Water,186,12-08-2024,5,23.3,,,,,,
Canned Beans,147,15-08-2024,2,24.48,,,,,,
Laundry Detergent,140,25-08-2024,6,82.8,,,,,,
Peanut Butter,100,14-08-2024,1,8.88,,,,,,
Baby Spinach,57,01-08-2024,5,43.75,,,,,,
Orange Juice,168,24-08-2024,7,35.91,,,,,,
Sourdough Bread,104,08-08-2024,7,62.86,,,,,,
Baby Spinach,147,18-08-2024,6,27.6,,,,,,
Cheddar Cheese,184,24-08-2024,8,59.6,,,,,,
Laundry Detergent,110,06-08-2024,3,33.24,,,,,,
Cheddar Cheese,67,30-08-2024,9,133.74,,,,,,
Whole Milk,154,02-08-2024,2,28.46,,,,,,
Paper Towels,32,25-08-2024,1,6.77,,,,,,
Toilet Paper,79,03-08-2024,3,3.39,,,,,,
Canned Beans,136,12-08-2024,1,9.65,,,,,,
Paper Towels,177,30-08-2024,8,81.84,,,,,,
Organic Bananas,21,18-08-2024,9,60.84,,,,,,
Organic Bananas,155,24-08-2024,5,42.5,,,,,,
Chicken Breast,24,17-08-2024,7,86.03,,,,,,
Greek Yogurt,47,30-08-2024,2,16.68,,,,,,
Baby Spinach,69,20-08-2024,9,40.77,,,,,,
Peanut Butter,88,26-08-2024,7,14.77,,,,,,
Granola Bars,137,19-08-2024,4,59.44,,,,,,
Baby Spinach,96,22-08-2024,2,20.3,,,,,,
Toilet Paper,28,03-08-2024,7,44.17,,,,,,
Bottled Water,141,02-08-2024,1,10.84,,,,,,
Brown Eggs,147,28-08-2024,7,70.21,,,,,,
Oatmeal,164,28-08-2024,2,27.06,,,,,,
Whole Milk,78,07-08-2024,10,76.6,,,,,,
Whole Milk,39,22-08-2024,5,67.95,,,,,,
Orange Juice,188,02-08-2024,3,42,,,,,,
Oatmeal,24,07-08-2024,10,30.2,,,,,,
Dish Soap,121,30-08-2024,2,10.38,,,,,,
Orange Juice,81,19-08-2024,7,73.36,,,,,,
Bottled Water,104,13-08-2024,3,36.21,,,,,,
Dish Soap,40,17-08-2024,6,10.5,,,,,,
Pasta,79,27-08-2024,2,11.54,,,,,,
Shampoo,177,20-08-2024,7,101.92,,,,,,
Oatmeal,27,21-08-2024,5,59.85,,,,,,
Tomato Sauce,145,08-08-2024,6,52.44,,,,,,
Granola Bars,130,06-08-2024,10,102.5,,,,,,
Brown Eggs,178,10-08-2024,4,43.92,,,,,,
Brown Eggs,88,05-08-2024,7,76.72,,,,,,
Toilet Paper,59,24-08-2024,7,38.01,,,,,,
Almond Butter,43,01-08-2024,5,36.15,,,,,,
Shampoo,89,04-08-2024,3,6.66,,,,,,
Pasta,134,18-08-2024,9,73.53,,,,,,
Almond Butter,26,03-08-2024,6,52.56,,,,,,
Frozen Pizza,173,26-08-2024,6,78.54,,,,,,
Organic Bananas,94,14-08-2024,7,83.37,,,,,,
Laundry Detergent,163,29-08-2024,4,36.04,,,,,,
Greek Yogurt,195,13-08-2024,3,8.82,,,,,,
Chicken Breast,88,16-08-2024,3,5.67,,,,,,
Pasta,90,14-08-2024,5,38.9,,,,,,
Brown Eggs,112,09-08-2024,4,44.36,,,,,,
Cheddar Cheese,172,20-08-2024,4,29.64,,,,,,
Avocados,97,01-08-2024,7,39.55,,,,,,
Frozen Pizza,117,26-08-2024,6,42.96,,,,,,
Pasta,186,20-08-2024,3,15.63,,,,,,
Frozen Pizza,197,07-08-2024,8,43.2,,,,,,
Granola Bars,101,10-08-2024,8,116.4,,,,,,
Baby Spinach,103,13-08-2024,5,62.15,,,,,,
Granola Bars,113,04-08-2024,10,38,,,,,,
Bottled Water,66,22-08-2024,9,12.42,,,,,,
Laundry Detergent,138,23-08-2024,4,28.56,,,,,,
Chicken Breast,197,03-08-2024,7,72.94,,,,,,
Avocados,182,10-08-2024,4,18.16,,,,,,
Avocados,128,26-08-2024,7,14.28,,,,,,
Frozen Pizza,142,19-08-2024,7,59.36,,,,,,
Dish Soap,127,18-08-2024,1,12.07,,,,,,
Peanut Butter,199,29-08-2024,9,83.79,,,,,,
Brown Eggs,47,25-08-2024,4,40.84,,,,,,
Peanut Butter,62,21-08-2024,10,16.2,,,,,,
Toilet Paper,193,21-08-2024,7,101.78,,,,,,
Oatmeal,130,04-08-2024,1,2.38,,,,,,
Baby Spinach,150,24-08-2024,9,79.29,,,,,,
Dish Soap,167,08-08-2024,8,49.92,,,,,,
Tomato Sauce,193,19-08-2024,9,27.99,,,,,,
Organic Bananas,143,04-08-2024,5,34.1,,,,,,
Brown Eggs,49,27-08-2024,3,17.64,,,,,,
Oatmeal,136,26-08-2024,4,33.2,,,,,,
Peanut Butter,141,04-08-2024,8,88.88,,,,,,
Tomato Sauce,101,03-08-2024,5,8.15,,,,,,
Dish Soap,49,01-08-2024,6,60.42,,,,,,
Paper Towels,62,30-08-2024,4,32.88,,,,,,
Bottled Water,60,11-08-2024,9,62.73,,,,,,
Tomato Sauce,79,26-08-2024,7,68.74,,,,,,
Greek Yogurt,183,22-08-2024,7,45.78,,,,,,
Laundry Detergent,177,29-08-2024,4,29.16,,,,,,
Pasta,119,01-08-2024,4,15.52,,,,,,
Shampoo,200,26-08-2024,2,18.16,,,,,,
Bottled Water,67,12-08-2024,6,22.56,,,,,,
Almond Butter,87,22-08-2024,8,67.12,,,,,,
Toilet Paper,100,20-08-2024,7,66.92,,,,,,
Orange Juice,49,12-08-2024,6,77.04,,,,,,
Frozen Pizza,64,27-08-2024,5,69.3,,,,,,
Orange Juice,41,22-08-2024,3,16.14,,,,,,
Baby Spinach,98,04-08-2024,3,18.69,,,,,,
Avocados,150,13-08-2024,7,65.45,,,,,,
Orange Juice,118,14-08-2024,3,23.43,,,,,,
Bottled Water,197,30-08-2024,3,26.31,,,,,,
Cheddar Cheese,93,05-08-2024,3,16.2,,,,,,
Tomato Sauce,178,02-08-2024,6,85.98,,,,,,
Cheddar Cheese,54,07-08-2024,7,101.43,,,,,,
Canned Beans,187,16-08-2024,7,74.13,,,,,,
Pasta,133,16-08-2024,3,6.48,,,,,,
Organic Bananas,76,10-08-2024,1,4.85,,,,,,
Bottled Water,93,06-08-2024,8,71.36,,,,,,
Shampoo,146,18-08-2024,9,23.22,,,,,,
Almond Butter,88,25-08-2024,9,112.77,,,,,,
Peanut Butter,158,27-08-2024,1,11.64,,,,,,
Tomato Sauce,159,07-08-2024,7,17.01,,,,,,
Toilet Paper,83,10-08-2024,1,7.3,,,,,,
Peanut Butter,42,15-08-2024,2,23.72,,,,,,
Baby Spinach,73,26-08-2024,10,106.5,,,,,,
Dish Soap,176,21-08-2024,7,23.24,,,,,,
Avocados,72,27-08-2024,4,49.12,,,,,,
Orange Juice,109,18-08-2024,5,46.8,,,,,,
Greek Yogurt,102,23-08-2024,5,25.25,,,,,,
Salmon Fillet,151,29-08-2024,2,5.8,,,,,,
Shampoo,125,30-08-2024,1,14.89,,,,,,
Toilet Paper,52,23-08-2024,3,13.5,,,,,,
Dish Soap,102,27-08-2024,4,46.64,,,,,,
Paper Towels,120,16-08-2024,3,27.24,,,,,,
Salmon Fillet,180,14-08-2024,7,51.31,,,,,,
Toilet Paper,43,13-08-2024,9,103.5,,,,,,
Dish Soap,114,15-08-2024,8,44.64,,,,,,
Organic Bananas,43,24-08-2024,8,79.12,,,,,,
Dish Soap,111,28-08-2024,2,24.28,,,,,,
Granola Bars,75,14-08-2024,4,31.72,,,,,,
Oatmeal,92,11-08-2024,9,81.81,,,,,,
Orange Juice,144,26-08-2024,6,81.12,,,,,,
Shampoo,32,02-08-2024,2,19.54,,,,,,
Tomato Sauce,24,04-08-2024,3,21.54,,,,,,
Organic Bananas,129,07-08-2024,3,40.05,,,,,,
Chicken Breast,60,28-08-2024,5,11.55,,,,,,
Peanut Butter,84,03-08-2024,6,61.8,,,,,,
Toilet Paper,62,02-08-2024,7,68.32,,,,,,
Laundry Detergent,199,25-08-2024,4,28.04,,,,,,
Brown Eggs,200,04-08-2024,1,3.99,,,,,,
Brown Eggs,53,19-08-2024,4,33.08,,,,,,
Tomato Sauce,22,01-08-2024,6,74.64,,,,,,
Pasta,197,05-08-2024,8,15.92,,,,,,
Granola Bars,42,24-08-2024,2,4.88,,,,,,
Peanut Butter,96,05-08-2024,7,82.81,,,,,,
Shampoo,54,21-08-2024,3,5.88,,,,,,
Orange Juice,22,20-08-2024,3,21.48,,,,,,
Laundry Detergent,74,21-08-2024,3,41.64,,,,,,
Frozen Pizza,195,15-08-2024,4,8.84,,,,,,
Almond Butter,55,25-08-2024,2,18.5,,,,,,
Granola Bars,109,14-08-2024,6,72.48,,,,,,
Baby Spinach,90,21-08-2024,2,8.94,,,,,,
Frozen Pizza,173,24-08-2024,10,49.9,,,,,,
Dish Soap,26,28-08-2024,5,19.4,,,,,,
Frozen Pizza,150,07-08-2024,7,35.98,,,,,,
Whole Milk,81,16-08-2024,7,18.06,,,,,,
Cheddar Cheese,183,20-08-2024,2,16.8,,,,,,
Organic Bananas,112,30-08-2024,6,17.1,,,,,,
Orange Juice,127,12-08-2024,9,95.04,,,,,,
Shampoo,140,25-08-2024,2,2.46,,,,,,
Brown Eggs,23,09-08-2024,4,6.24,,,,,,
Whole Milk,121,17-08-2024,5,49,,,,,,
Canned Beans,126,14-08-2024,7,15.05,,,,,,
Bottled Water,157,20-08-2024,3,14.64,,,,,,
Chicken Breast,40,17-08-2024,4,58.56,,,,,,
Avocados,157,11-08-2024,7,64.47,,,,,,
Shampoo,186,22-08-2024,2,10.68,,,,,,
Pasta,81,02-08-2024,4,8.84,,,,,,
Pasta,49,15-08-2024,10,95.2,,,,,,
Chicken Breast,190,24-08-2024,3,8.01,,,,,,
Dish Soap,55,23-08-2024,1,3.29,,,,,,
Peanut Butter,153,17-08-2024,5,16.7,,,,,,
Avocados,88,24-08-2024,2,23.6,,,,,,
Organic Bananas,105,26-08-2024,7,33.67,,,,,,
Brown Eggs,87,23-08-2024,10,97.9,,,,,,
Cheddar Cheese,136,17-08-2024,6,10.68,,,,,,
Orange Juice,62,12-08-2024,3,13.71,,,,,,
Almond Butter,166,22-08-2024,2,8.4,,,,,,
Canned Beans,20,02-08-2024,1,4.42,,,,,,
Cheddar Cheese,113,13-08-2024,3,10.53,,,,,,
Whole Milk,161,26-08-2024,7,28.98,,,,,,
Baby Spinach,126,30-08-2024,6,28.8,,,,,,
Brown Eggs,166,12-08-2024,2,16.06,,,,,,
Whole Milk,65,08-08-2024,9,132.66,,,,,,
Granola Bars,37,29-08-2024,8,104.96,,,,,,
Shampoo,99,11-08-2024,2,17.48,,,,,,
Organic Bananas,114,07-08-2024,5,44.45,,,,,,
Chicken Breast,179,08-08-2024,8,49.28,,,,,,
Cheddar Cheese,70,24-08-2024,9,104.85,,,,,,
Baby Spinach,58,01-08-2024,7,9.31,,,,,,
Bottled Water,108,21-08-2024,1,14.31,,,,,,
Organic Bananas,188,13-08-2024,5,12.3,,,,,,
Canned Beans,80,14-08-2024,8,115.68,,,,,,
Avocados,91,03-08-2024,1,13.9,,,,,,
Canned Beans,125,23-08-2024,6,44.52,,,,,,
Laundry Detergent,41,19-08-2024,2,16.16,,,,,,
Toilet Paper,120,03-08-2024,10,89.5,,,,,,
Pasta,189,05-08-2024,4,20.32,,,,,,
Oatmeal,120,23-08-2024,6,32.7,,,,,,
Salmon Fillet,79,03-08-2024,4,11.64,,,,,,
Shampoo,169,04-08-2024,3,7.44,,,,,,
Tomato Sauce,139,11-08-2024,7,18.83,,,,,,
Peanut Butter,73,15-08-2024,5,37.45,,,,,,
Almond Butter,43,06-08-2024,5,62.85,,,,,,
Dish Soap,174,02-08-2024,4,50.8,,,,,,
Oatmeal,57,03-08-2024,4,58.24,,,,,,
Granola Bars,151,02-08-2024,5,23.2,,,,,,
Greek Yogurt,27,13-08-2024,8,70.24,,,,,,
Bottled Water,83,04-08-2024,8,19.44,,,,,,
Avocados,51,01-08-2024,1,12.63,,,,,,
Baby Spinach,53,07-08-2024,7,43.47,,,,,,
Toilet Paper,185,03-08-2024,10,92.1,,,,,,
Brown Eggs,25,03-08-2024,4,54.52,,,,,,
Tomato Sauce,52,03-08-2024,6,16.32,,,,,,
Tomato Sauce,32,06-08-2024,10,70.6,,,,,,
Laundry Detergent,121,16-08-2024,1,6.36,,,,,,
Pasta,64,12-08-2024,4,54.88,,,,,,
Salmon Fillet,91,15-08-2024,3,4.47,,,,,,
Frozen Pizza,177,08-08-2024,5,39.9,,,,,,
Bottled Water,142,02-08-2024,2,9.84,,,,,,
Avocados,127,07-08-2024,9,40.41,,,,,,
Bottled Water,24,13-08-2024,6,46.32,,,,,,
Cheddar Cheese,108,30-08-2024,10,80.3,,,,,,
Granola Bars,89,06-08-2024,1,5.46,,,,,,
Baby Spinach,27,29-08-2024,5,9.1,,,,,,
Cheddar Cheese,155,12-08-2024,10,149.9,,,,,,
Greek Yogurt,45,08-08-2024,4,18.92,,,,,,
Laundry Detergent,34,25-08-2024,4,36.24,,,,,,
Granola Bars,110,30-08-2024,3,10.41,,,,,,
Orange Juice,101,26-08-2024,6,82.8,,,,,,
Organic Bananas,200,23-08-2024,6,85.62,,,,,,
Orange Juice,56,19-08-2024,4,50.84,,,,,,
Cheddar Cheese,158,10-08-2024,3,23.61,,,,,,
Brown Eggs,34,08-08-2024,10,40.6,,,,,,
Canned Beans,142,01-08-2024,6,83.1,,,,,,
Sourdough Bread,53,11-08-2024,3,41.58,,,,,,
Oatmeal,35,01-08-2024,3,27.63,,,,,,
Avocados,48,28-08-2024,9,117.45,,,,,,
Brown Eggs,115,23-08-2024,7,64.4,,,,,,
Oatmeal,97,11-08-2024,3,43.98,,,,,,
Laundry Detergent,131,26-08-2024,8,80.72,,,,,,
Greek Yogurt,163,23-08-2024,10,120.2,,,,,,
Baby Spinach,190,19-08-2024,3,18.9,,,,,,
Laundry Detergent,196,10-08-2024,3,10.47,,,,,,
Organic Bananas,199,19-08-2024,7,90.37,,,,,,
Shampoo,165,02-08-2024,3,28.29,,,,,,
Frozen Pizza,76,21-08-2024,10,24.6,,,,,,
Cheddar Cheese,56,11-08-2024,2,8.66,,,,,,
Oatmeal,62,21-08-2024,2,25,,,,,,
Paper Towels,183,24-08-2024,6,43.5,,,,,,
Salmon Fillet,73,08-08-2024,2,11.82,,,,,,
Almond Butter,20,02-08-2024,7,49.98,,,,,,
Pasta,62,29-08-2024,7,55.3,,,,,,
Granola Bars,109,18-08-2024,7,16.94,,,,,,
Cheddar Cheese,167,21-08-2024,4,13.12,,,,,,
Brown Eggs,28,10-08-2024,1,5.46,,,,,,
Almond Butter,38,11-08-2024,3,40.29,,,,,,
Greek Yogurt,39,18-08-2024,2,11.46,,,,,,
Frozen Pizza,143,23-08-2024,1,7.04,,,,,,
Toilet Paper,62,20-08-2024,7,22.4,,,,,,
Almond Butter,104,07-08-2024,4,26.92,,,,,,
Bottled Water,158,09-08-2024,5,25.8,,,,,,
Almond Butter,32,13-08-2024,10,87,,,,,,
Cheddar Cheese,59,02-08-2024,6,6.3,,,,,,
Brown Eggs,95,27-08-2024,10,77.2,,,,,,
Almond Butter,26,07-08-2024,3,29.79,,,,,,
Brown Eggs,141,28-08-2024,2,10.64,,,,,,
Granola Bars,140,16-08-2024,5,11.4,,,,,,
Bottled Water,119,06-08-2024,6,80.4,,,,,,
Peanut Butter,67,15-08-2024,1,4.69,,,,,,
Tomato Sauce,87,08-08-2024,5,44.5,,,,,,
Avocados,198,22-08-2024,2,4.4,,,,,,
Peanut Butter,158,14-08-2024,10,41.9,,,,,,
Whole Milk,119,27-08-2024,9,61.74,,,,,,
Bottled Water,195,28-08-2024,8,72.16,,,,,,
Baby Spinach,141,10-08-2024,2,13.06,,,,,,
Dish Soap,28,17-08-2024,10,136.1,,,,,,
Orange Juice,193,20-08-2024,3,8.04,,,,,,
Shampoo,134,06-08-2024,3,43.83,,,,,,
Sourdough Bread,52,02-08-2024,7,14.7,,,,,,
Paper Towels,131,07-08-2024,3,38.04,,,,,,
Salmon Fillet,101,30-08-2024,2,4.44,,,,,,
Bottled Water,121,18-08-2024,6,77.94,,,,,,
Canned Beans,137,30-08-2024,1,12.01,,,,,,
Frozen Pizza,170,17-08-2024,7,18.06,,,,,,
Avocados,57,19-08-2024,10,91.6,,,,,,
Almond Butter,47,19-08-2024,2,24,,,,,,
Bottled Water,108,29-08-2024,7,32.9,,,,,,
Toilet Paper,144,19-08-2024,10,76.2,,,,,,
Greek Yogurt,90,13-08-2024,3,28.98,,,,,,
Paper Towels,197,13-08-2024,1,6.54,,,,,,
Oatmeal,196,08-08-2024,1,11.44,,,,,,
Salmon Fillet,115,01-08-2024,6,74.64,,,,,,
Chicken Breast,99,09-08-2024,8,104.16,,,,,,
Paper Towels,45,28-08-2024,4,11.52,,,,,,
Laundry Detergent,133,25-08-2024,6,28.62,,,,,,
Pasta,174,21-08-2024,2,7.26,,,,,,
Sourdough Bread,124,24-08-2024,8,93.04,,,,,,
Peanut Butter,34,17-08-2024,3,5.76,,,,,,
Dish Soap,149,13-08-2024,3,35.79,,,,,,
Canned Beans,165,01-08-2024,3,11.1,,,,,,
Sourdough Bread,34,08-08-2024,1,7.39,,,,,,
Peanut Butter,200,07-08-2024,5,30.8,,,,,,
Tomato Sauce,149,13-08-2024,2,21.08,,,,,,
Baby Spinach,115,16-08-2024,10,72.5,,,,,,
Cheddar Cheese,170,18-08-2024,6,34.92,,,,,,
Salmon Fillet,196,03-08-2024,5,6.9,,,,,,
Whole Milk,61,28-08-2024,10,119.2,,,,,,
Sourdough Bread,76,21-08-2024,4,41.96,,,,,,
Salmon Fillet,186,14-08-2024,9,11.52,,,,,,
Shampoo,194,01-08-2024,8,110.08,,,,,,
Toilet Paper,64,20-08-2024,1,4.13,,,,,,
Frozen Pizza,98,23-08-2024,5,34.65,,,,,,
Granola Bars,109,15-08-2024,5,20.25,,,,,,
Chicken Breast,193,17-08-2024,10,65.6,,,,,,
Almond Butter,21,17-08-2024,6,53.16,,,,,,
Frozen Pizza,175,10-08-2024,5,52.9,,,,,,
Cheddar Cheese,36,11-08-2024,5,49.85,,,,,,
Salmon Fillet,86,21-08-2024,5,18.2,,,,,,
Canned Beans,81,29-08-2024,1,12.28,,,,,,
Frozen Pizza,123,22-08-2024,6,63.18,,,,,,
Laundry Detergent,26,21-08-2024,8,119.68,,,,,,
Salmon Fillet,127,13-08-2024,7,79.17,,,,,,
Orange Juice,166,27-08-2024,4,23.2,,,,,,
Dish Soap,76,22-08-2024,9,89.46,,,,,,
Cheddar Cheese,191,12-08-2024,9,46.8,,,,,,
Greek Yogurt,188,29-08-2024,9,31.86,,,,,,
Almond Butter,140,05-08-2024,5,55.75,,,,,,
Bottled Water,66,22-08-2024,6,60.96,,,,,,
Baby Spinach,110,08-08-2024,5,34.45,,,,,,
Oatmeal,115,09-08-2024,10,51.2,,,,,,
Almond Butter,140,02-08-2024,10,91.2,,,,,,
Frozen Pizza,38,16-08-2024,4,32.04,,,,,,
Paper Towels,117,17-08-2024,5,33.9,,,,,,
Avocados,55,07-08-2024,6,40.38,,,,,,
Orange Juice,137,05-08-2024,6,78.42,,,,,,
Greek Yogurt,40,16-08-2024,6,58.98,,,,,,
Greek Yogurt,100,21-08-2024,1,1.07,,,,,,
Salmon Fillet,73,25-08-2024,3,27.21,,,,,,
Greek Yogurt,145,26-08-2024,2,5.62,,,,,,
Pasta,182,14-08-2024,7,49.07,,,,,,
Cheddar Cheese,118,01-08-2024,1,8.47,,,,,,
Laundry Detergent,115,01-08-2024,6,69.6,,,,,,
Canned Beans,68,01-08-2024,1,9.77,,,,,,
Baby Spinach,77,23-08-2024,6,32.22,,,,,,
Almond Butter,118,17-08-2024,10,52.9,,,,,,
Brown Eggs,31,10-08-2024,5,36.9,,,,,,
Canned Beans,172,17-08-2024,6,42.42,,,,,,
Paper Towels,54,11-08-2024,8,48.24,,,,,,
Sourdough Bread,62,30-08-2024,7,8.89,,,,,,
Baby Spinach,53,07-08-2024,1,9.26,,,,,,
Greek Yogurt,51,12-08-2024,1,6.25,,,,,,
Toilet Paper,85,25-08-2024,9,87.48,,,,,,
Frozen Pizza,32,22-08-2024,2,20.3,,,,,,
Organic Bananas,32,23-08-2024,2,13.66,,,,,,
Granola Bars,51,18-08-2024,5,38.2,,,,,,
Avocados,72,23-08-2024,1,5.22,,,,,,
Paper Towels,45,22-08-2024,9,43.02,,,,,,
Frozen Pizza,199,05-08-2024,7,88.41,,,,,,
Almond Butter,150,24-08-2024,10,26.5,,,,,,
Almond Butter,47,16-08-2024,4,38.12,,,,,,
Shampoo,87,27-08-2024,9,131.58,,,,,,
Peanut Butter,200,14-08-2024,5,16.25,,,,,,
Bottled Water,147,30-08-2024,4,42.52,,,,,,
Cheddar Cheese,104,08-08-2024,1,1.18,,,,,,
Brown Eggs,48,27-08-2024,10,103.7,,,,,,
Avocados,43,25-08-2024,9,18.45,,,,,,
Laundry Detergent,45,29-08-2024,5,50.1,,,,,,
Tomato Sauce,95,09-08-2024,8,13.6,,,,,,
Greek Yogurt,30,28-08-2024,5,30.2,,,,,,
Paper Towels,100,14-08-2024,2,4.66,,,,,,
Shampoo,31,01-08-2024,3,30.87,,,,,,
Greek Yogurt,104,12-08-2024,8,114.96,,,,,,
Salmon Fillet,43,12-08-2024,6,21.36,,,,,,
Granola Bars,122,15-08-2024,5,63.5,,,,,,
Dish Soap,142,26-08-2024,7,70.56,,,,,,
Greek Yogurt,48,05-08-2024,1,14.74,,,,,,
Greek Yogurt,46,14-08-2024,10,77.6,,,,,,
Orange Juice,193,15-08-2024,3,28.68,,,,,,
Shampoo,111,20-08-2024,1,13.08,,,,,,
Laundry Detergent,53,16-08-2024,8,20.64,,,,,,
Pasta,132,02-08-2024,2,9.32,,,,,,
Oatmeal,23,23-08-2024,9,105.75,,,,,,
Orange Juice,164,08-08-2024,6,49.62,,,,,,
Dish Soap,199,20-08-2024,2,14.12,,,,,,
Laundry Detergent,83,16-08-2024,6,61.74,,,,,,
Toilet Paper,118,05-08-2024,9,121.41,,,,,,
Frozen Pizza,33,01-08-2024,3,24.24,,,,,,
Cheddar Cheese,146,28-08-2024,3,6.15,,,,,,
Cheddar Cheese,102,08-08-2024,6,87.48,,,,,,
Whole Milk,149,08-08-2024,9,90.09,,,,,,
Granola Bars,80,03-08-2024,8,57.76,,,,,,
Orange Juice,134,03-08-2024,8,58.08,,,,,,
Almond Butter,147,24-08-2024,1,2.44,,,,,,
Pasta,29,18-08-2024,9,9,,,,,,
Brown Eggs,174,20-08-2024,5,67.3,,,,,,
Bottled Water,72,21-08-2024,8,114.4,,,,,,
Peanut Butter,33,27-08-2024,4,51.28,,,,,,
Oatmeal,163,25-08-2024,10,94,,,,,,
Dish Soap,188,12-08-2024,8,20.8,,,,,,
Shampoo,188,08-08-2024,1,5.78,,,,,,
Toilet Paper,94,18-08-2024,9,56.07,,,,,,
Almond Butter,31,29-08-2024,3,23.67,,,,,,
Dish Soap,124,04-08-2024,5,47.75,,,,,,
Sourdough Bread,50,30-08-2024,7,28.14,,,,,,
Sourdough Bread,106,04-08-2024,7,11.55,,,,,,
Toilet Paper,192,19-08-2024,2,23.62,,,,,,
Tomato Sauce,137,22-08-2024,10,143.9,,,,,,
Avocados,147,01-08-2024,9,101.79,,,,,,
Bottled Water,130,27-08-2024,10,77.6,,,,,,
Canned Beans,65,23-08-2024,10,34.3,,,,,,
Avocados,46,13-08-2024,10,94.9,,,,,,
Oatmeal,149,29-08-2024,7,48.02,,,,,,
Frozen Pizza,197,25-08-2024,4,19.32,,,,,,
Oatmeal,95,15-08-2024,3,8.79,,,,,,
Frozen Pizza,199,29-08-2024,9,46.62,,,,,,
Dish Soap,160,28-08-2024,6,65.82,,,,,,
Bottled Water,181,07-08-2024,4,15.76,,,,,,
Dish Soap,94,22-08-2024,6,83.4,,,,,,
Avocados,186,06-08-2024,9,77.31,,,,,,
Toilet Paper,102,23-08-2024,2,23.3,,,,,,
Bottled Water,142,19-08-2024,10,142,,,,,,
Dish Soap,126,22-08-2024,9,45,,,,,,
Pasta,23,17-08-2024,2,2.7,,,,,,
Avocados,33,22-08-2024,1,3.8,,,,,,
Shampoo,61,10-08-2024,5,15.25,,,,,,
Whole Milk,196,26-08-2024,5,19.3,,,,,,
Bottled Water,28,12-08-2024,8,19.44,,,,,,
Paper Towels,163,28-08-2024,4,45.56,,,,,,
Bottled Water,119,08-08-2024,9,107.82,,,,,,
Dish Soap,93,23-08-2024,1,13.97,,,,,,
Granola Bars,126,26-08-2024,6,87.12,,,,,,
Whole Milk,23,24-08-2024,5,19.2,,,,,,
Shampoo,133,27-08-2024,4,55.04,,,,,,
Dish Soap,185,12-08-2024,10,86.5,,,,,,
Frozen Pizza,70,25-08-2024,4,20.48,,,,,,
Greek Yogurt,194,03-08-2024,3,43.41,,,,,,
Laundry Detergent,151,04-08-2024,7,10.99,,,,,,
Toilet Paper,52,01-01-2024,7,31.01,,,,,,
Avocados,49,05-01-2024,12,26.64,,,,,,
Pasta,35,12-01-2024,4,16.24,,,,,,
Toilet Paper,45,15-01-2024,3,13.29,,,,,,
Avocados,37,20-01-2024,8,17.76,,,,,,
Pasta,31,25-01-2024,1,4.06,,,,,,
Toilet Paper,60,01-02-2024,9,39.87,,,,,,
Avocados,55,08-02-2024,6,13.32,,,,,,
Pasta,42,14-02-2024,5,20.3,,,,,,
Toilet Paper,38,20-02-2024,4,17.72,,,,,,
Avocados,33,25-02-2024,7,15.54,,,,,,
Pasta,28,28-02-2024,3,12.18,,,,,,
Toilet Paper,50,01-03-2024,6,26.58,,,,,,
Avocados,48,07-03-2024,10,22.2,,,,,,
Pasta,40,15-03-2024,2,8.12,,,,,,
Toilet Paper,43,20-03-2024,5,22.15,,,,,,
Avocados,39,25-03-2024,9,19.98,,,,,,
Pasta,34,30-03-2024,4,16.24,,,,,,
Toilet Paper,47,01-04-2024,8,35.44,,,,,,
Avocados,42,10-04-2024,5,11.1,,,,,,
Pasta,37,15-04-2024,3,12.18,,,,,,
Toilet Paper,52,20-04-2024,7,31.01,,,,,,
Avocados,45,25-04-2024,11,24.42,,,,,,
Pasta,40,30-04-2024,2,8.12,,,,,,
Toilet Paper,58,01-05-2024,10,44.3,,,,,,
Avocados,53,05-05-2024,7,15.54,,,,,,
Pasta,45,10-05-2024,4,16.24,,,,,,
Toilet Paper,50,15-05-2024,6,26.58,,,,,,
Avocados,46,20-05-2024,8,17.76,,,,,,
Pasta,42,25-05-2024,3,12.18,,,,,,
Toilet Paper,55,30-05-2024,9,39.87,,,,,,
Avocados,47,01-06-2024,12,26.64,,,,,,
Pasta,40,05-06-2024,5,20.3,,,,,,
Toilet Paper,62,10-06-2024,11,48.73,,,,,,
Avocados,50,15-06-2024,6,13.32,,,,,,
Pasta,45,20-06-2024,4,16.24,,,,,,
Toilet Paper,57,25-06-2024,8,35.44,,,,,,
Avocados,52,30-06-2024,9,19.98,,,,,,
Pasta,48,01-07-2024,3,12.18,,,,,,
Toilet Paper,60,05-07-2024,7,31.01,,,,,,
Avocados,55,10-07-2024,10,22.2,,,,,,
Pasta,50,15-07-2024,2,8.12,,,,,,
Toilet Paper,53,20-07-2024,6,26.58,,,,,,
Avocados,48,25-07-2024,8,17.76,,,,,,
Pasta,45,30-07-2024,5,20.3,,,,,,
Toilet Paper,65,01-09-2024,12,53.16,,,,,,
Avocados,60,05-09-2024,9,19.98,,,,,,
Pasta,55,10-09-2024,4,16.24,,,,,,
Toilet Paper,58,15-09-2024,7,31.01,,,,,,
Avocados,51,20-09-2024,11,24.42,,,,,,
Pasta,47,25-09-2024,3,12.18,,,,,,
Toilet Paper,62,30-09-2024,10,44.3,,,,,,
Avocados,57,01-10-2024,8,17.76,,,,,,
Pasta,52,05-10-2024,5,20.3,,,,,,
Toilet Paper,60,10-10-2024,9,39.87,,,,,,
Avocados,55,15-10-2024,7,15.54,,,,,,
Pasta,50,20-10-2024,6,24.36,,,,,,
Toilet Paper,65,25-10-2024,11,48.73,,,,,,
Avocados,58,30-10-2024,10,22.2,,,,,,
Pasta,54,01-11-2024,4,16.24,,,,,,
Toilet Paper,62,05-11-2024,8,35.44,,,,,,
Avocados,57,10-11-2024,9,19.98,,,,,,
Pasta,53,15-11-2024,3,12.18,,,,,,
Toilet Paper,60,20-11-2024,7,31.01,,,,,,
Avocados,55,25-11-2024,6,13.32,,,,,,
Pasta,50,30-11-2024,5,20.3,,,,,,
Toilet Paper,68,01-12-2024,13,57.59,,,,,,
Avocados,62,05-12-2024,10,22.2,,,,,,4078
Pasta,58,10-12-2024,4,16.24,,,,,,
Toilet Paper,65,15-12-2024,9,39.87,,,,,,
Avocados,60,20-12-2024,8,17.76,,,,,,
Pasta,56,25-12-2024,6,24.36,,,,,,
Toilet Paper,70,30-12-2024,12,53.16,,,,,,
,,,,,,,218,,,
